alexandria, ghcr.io/ocicl/alexandria@sha256:e433c2e076ed3bcf8641b97b00192680db2201d305efac9293539dee88c7fbf7, alexandria-20240503-8514d8e/alexandria.asd
arrows, ghcr.io/ocicl/arrows@sha256:5950f8d938b0c0b839bef02a8d64c2da5e93c68c70a59f9405855fce8ddd216d, arrows-20240503-df7cf00/arrows.asd
babel, ghcr.io/ocicl/babel@sha256:9d9fcde71acc2b5c39572de4f11756a08c1d8801caa86c581b85dabaa35928b3, babel-20250905-4eaf3f2/babel.asd
chipz, ghcr.io/ocicl/chipz@sha256:fae0fae0c93199ba57c92d9102245a55c8a2c12af4442e0b141d5670bef4f2f0, chipz-20240503-6f80368/chipz.asd
cl-indentify, ghcr.io/ocicl/cl-indentify@sha256:30ff709a629b31630169194b2a832223201513320a90a0cdde4fc4ca3a0e3963, cl-indentify-20241228-a5fba03/cl-indentify.asd
cl-ppcre, ghcr.io/ocicl/cl-ppcre@sha256:bf073924cf4fd5957a4fd961a95d446ed0e53fa32a5002cbd2d52182874f45e5, cl-ppcre-20250606-a2ea581/cl-ppcre.asd
cl-reexport, ghcr.io/ocicl/cl-reexport@sha256:c795feb3e3727a19e61797187eb31bac1e855b1332335d26752200a28e9b9da8, cl-reexport-20240503-03ad7a0/cl-reexport.asd
codex, ghcr.io/ocicl/codex@sha256:edb93e9321f1afd9f92409fe4d38038e33538db5a1a7ce97cc66e6ba05a2d714, codex-20240503-7536259/codex.asd
codex-templates, ghcr.io/ocicl/codex@sha256:edb93e9321f1afd9f92409fe4d38038e33538db5a1a7ce97cc66e6ba05a2d714, codex-20240503-7536259/codex-templates.asd
common-doc, ghcr.io/ocicl/common-doc@sha256:b4e8fc75de5e8c48788889c69b5576d3c3e2be569743a00228163a1e8ff06f6a, common-doc-20240503-bcde4cf/common-doc.asd
common-doc-contrib, ghcr.io/ocicl/common-doc@sha256:b4e8fc75de5e8c48788889c69b5576d3c3e2be569743a00228163a1e8ff06f6a, common-doc-20240503-bcde4cf/common-doc-contrib.asd
common-doc-plump, ghcr.io/ocicl/common-doc-plump@sha256:52bc3a74d8dc102e6846c3feff4d9a6e6c0df8d47e2208354d2e6147e6242ad1, common-doc-plump-20240503-2d9dc9a/common-doc-plump.asd
common-doc-split-paragraphs, ghcr.io/ocicl/common-doc@sha256:b4e8fc75de5e8c48788889c69b5576d3c3e2be569743a00228163a1e8ff06f6a, common-doc-20240503-bcde4cf/common-doc-split-paragraphs.asd
common-doc-tex, ghcr.io/ocicl/common-doc@sha256:b4e8fc75de5e8c48788889c69b5576d3c3e2be569743a00228163a1e8ff06f6a, common-doc-20240503-bcde4cf/common-doc-tex.asd
common-html, ghcr.io/ocicl/common-html@sha256:806ab83872e2e592de0e1424716530d918fbc3656116075b291282a9ec0d630f, common-html-20240503-96987bd/common-html.asd
dexador, ghcr.io/ocicl/dexador@sha256:defc8d669790e22ac9a9eccf52fe14b10cf986402c7b32c0049df45f64a039e1, dexador-20250825-4db4b93/dexador.asd
docparser, ghcr.io/ocicl/docparser@sha256:5c7b58c97f2b1b01d170aeb9715c92daea476778615e852d19b18f7497e14798, docparser-20240503-6111b20/docparser.asd
form-fiddle, ghcr.io/ocicl/form-fiddle@sha256:58b6cdf3909911b876fb8b240ae4e2cfa274acd93d78e2fc65d1d981a295ce0a, form-fiddle-20260218-a4481cc/form-fiddle.asd
fset, ghcr.io/ocicl/fset@sha256:06ed3b2b8e490fa5ddf01b23af08a5d0d5febf6633b982eab0f721f4cc3c8c15, fset-20251122-19eadf0/fset.asd
pandocl, ghcr.io/ocicl/pandocl@sha256:fd311999469a89627a3ba68d1f6b09a14e3dbd3e93877df4373c79e552b45985, pandocl-20240503-f05f493/pandocl.asd
parachute, ghcr.io/ocicl/parachute@sha256:46efa9a7204969f1f439f9d83f3d7f9d052901e945a7f9ca27edc9e06de27a1a, parachute-20260226-c365ecc/parachute.asd
parenml, ghcr.io/ocicl/parenml@sha256:15645e745014acc03c838c87a0b5d2228aa27e9f0efc709f90b1de4ed4f87f8a, parenml-20240503-559d402/parenml.asd
quri, ghcr.io/ocicl/quri@sha256:e2559f91600e4895e115b42dde88fcaac3677f051335d73431888dcf7af99f95, quri-0.7.0/quri.asd
scriba, ghcr.io/ocicl/scriba@sha256:2a64f83cf0264081d4e233db2a063b0c031e420ea6252911f649354199ab5ddf, scriba-20240503-ce1ab03/scriba.asd
trivial-custom-debugger, ghcr.io/ocicl/trivial-custom-debugger@sha256:b72a9d829d2635982c5d07604c24b22158cb550cd6b2915df2280ae59922be11, trivial-custom-debugger-20240503-802473c/trivial-custom-debugger.asd
trivial-features, ghcr.io/ocicl/trivial-features@sha256:e278e24d39060fc7d3715531b16ddd9ab7f93f22ade53e436c0b86dbae3aa065, trivial-features-1.0/trivial-features.asd
trivial-package-local-nicknames, ghcr.io/ocicl/trivial-package-local-nicknames@sha256:d3b07c875822d9bd91cc0e26c1f681ad05acdc5c50a3f30c8077fb85343e095a, trivial-package-local-nicknames-20240503-8a4d09c/trivial-package-local-nicknames.asd
bordeaux-threads, ghcr.io/ocicl/bordeaux-threads@sha256:bbb32afe3987e102149cc019f4f7366a05f7a37d1503f5f86a27745e671c320a, bordeaux-threads-0.9.4/bordeaux-threads.asd
cl-fad, ghcr.io/ocicl/cl-fad@sha256:c0aaffc859e419e0a94cedb08f48c2484da404363fb0fe4ffd6e09a80aadafe1, cl-fad-0.7.6/cl-fad.asd
flexi-streams, ghcr.io/ocicl/flexi-streams@sha256:95005b06a8a95c82780c75ead53810bcb273d07fcf5fe76b527f1856df9923f2, flexi-streams-20240503-4951d57/flexi-streams.asd
ironclad, ghcr.io/ocicl/ironclad@sha256:3117e5a26a3e94924074c3548c235a2b733609ed61a2731880ac9e31df55428b, ironclad-20240503-6da010f/ironclad.asd
usocket, ghcr.io/ocicl/usocket@sha256:282856b819b22a4319ba30a15605ee934aa23292a471fd29ea4d3f2074b3f16d, usocket-0.8.8/usocket.asd
zippy, ghcr.io/ocicl/zippy@sha256:a07ab6643f8283fb93eb41760d002ff7c0748f531848b87ec376bc473ea4bc89, zippy-20260218-abe4d55/zippy.asd
